{
    "eye": {
        "left": {
            "iris": [474, 475, 476, 477],
            "full": [362, 382, 381, 380, 374, 373, 390, 249, 263, 466, 388, 387, 386, 385, 384, 398]
        },
        "right": {
            "iris": [469, 470, 471, 472],
            "full": [33, 7, 163, 144, 145, 153, 154, 155, 133, 173, 157, 158, 159, 160, 161, 246]
        }
    },
    "dist": [
        [-0.021696675417761838, 4.686185753210232, 3.977638122927473e-05, 0.00029188003398354157, 0.16230816656887745]
    ],
    "mtx": [
        [14087.346434239225, 0.0, 746.5887596227475],
        [0.0, 14087.369792072133, 737.2006083097536],
        [0.0, 0.0, 1.0]
    ]
}